sample_alias,artificial,collection_date,collection_date_end,doi,environment_biome,environment_feature,environment_material,environmental_package,geographic_location,last_change,latitude,location,location_resolution,longitude,pmid,spire_sample_name,study_code,tax_id,elevation_meters,depth_meters,pH,temperature,mean_annual_precipitation_mm,mean_annual_temperature,filtration_upper_threshold_um,filtration_lower_threshold_um,calcium_mg_l,nitrate_nitrite_uM,temperature_range,food_name,land_use_full,strain,time_period,isolation_source,phosphorus_uM,nitrite_uM,ammonium_uM,host_tax_id,site_description,carbon_dioxide_uM,total_manganese_uM,original_sample_name,sampling_campaign,ph_range,butyrate_uM,acetate_uM,host_tax_scientific_name,sulfide_uM,total_nitrate,infant_ID,ferric_iron_uM,formate_uM,ammonium_mg_l,Field_nominal_C,phosphate_uM,filtration_lower_threshold,sulfate_uM,iron_uM,nitrate_mg_l,total_dissolved_nitrogen_uM,vegetation,sulfate_mg_l,note,full_description,chloride_mg_l,manganese_uM,oxygen_uM,location_name,potassium_mg_l,land_use_category,water_depth_meters,plant,ferrous_uM,sampling_site,total_organic_carbon,ferrous_iron_uM,salinity,DESCRIPTION,hydrosulfide_uM,specific_material,enriched_soil,total_iron_uM,silicate_uM,DOL_range,propionate_uM,sodium_mg_l,salinity_ppt,dissolved_organic_carbon_uM,nitrite_mg_l,added_matter,climatic_zone,vegetation_full,nitrogen_percent,nitrate_uM,sampling_platform,sample_description,host_common_name,filtration_lower_threshold_kDa,iron_mg_l,phosphorus_mg_l,dissolved_oxygen_uM,sample_title,oxygen_mg_l,methane_uM,magnesium_mg_l,pH_range,host_scientific_name,nitrogen_dioxide_uM,study_accession,salinity_ppm
Chopyk_2020_pond.sample_MA07_10-24,,2016-10-24,,10.1186/s40793-020-00365-8,small river biome [ENVO:00000890],river [ENVO:00000022],fresh water [ENVO:00002011],water,USA,2024-08-07 16:38:39.183353,42.5366,USA: Mid Atlantic,region,-74.8867,33902740,SAMN10386144,Chopyk_2020_pond,1169740,,,,,,,,,,,,,,,,,,,,,,,,,,,,,,,,,,,,,,,,,,,,,,,,,,,,,,,,,,,,,,,,,,,,,,,,,,,,,,,,,,,,"October 24, freshwater creek, site MA07",,,,,,,,
Chopyk_2020_pond.sample_CONSERVE.1.MD10.MarchA,,2017-03-01,,10.1186/s40793-020-00365-8,cropland biome [ENVO:01000245],pond [ENVO:00000033],fresh water [ENVO:00002011],water,USA,2024-08-07 16:38:39.183353,42.5366,USA: Maryland,region,-74.8867,33902740,SAMN11527907,Chopyk_2020_pond,1169740,,0.15-0.3,,,,,,,,,,,,,,,,,,,,,,,,,,,,,,,,,,,,,,,,,,,,,,,,,,,,,,,,,,,,,,,,,,,,,,,,,,,,CONSERVE_1_MD10_MarchA,,,,,,1.MD10.MarchA,,,,,,,,
Chopyk_2020_pond.sample_MA05_8.8.17,,2017-08-08,,10.1186/s40793-020-00365-8,small river biome [ENVO:00000890],river [ENVO:00000022],fresh water [ENVO:00002011],water,USA,2024-08-07 16:38:39.183353,42.5366,USA: Mid Atlantic,region,-74.8867,33902740,SAMN10922029,Chopyk_2020_pond,1169740,,,,,,,,,,,,,,,,,,,,,,,,,,,,,,,,,,,,,,,,,,,,,,,,,,,,,,,,,,,,,,,,,,,,,,,,,,,,,,Keywords: GSC:MIxS;MIMS:5.0,,,,,,"August 8, freshwater creek, site MA05",,,,,,,,
Chopyk_2020_pond.sample_CONSERVE.34.MD10.SeptA,,2017-09-01,,10.1186/s40793-020-00365-8,cropland biome [ENVO:01000245],pond [ENVO:00000033],fresh water [ENVO:00002011],water,USA,2024-08-07 16:38:39.183353,42.5366,USA: Maryland,region,-74.8867,33902740,SAMN11527934,Chopyk_2020_pond,1169740,,0.15-0.3,,,,,,,,,,,,,,,,,,,,,,,,,,,,,,,,,,,,,,,,,,,,,,,,,,,,,,,,,,,,,,,,,,,,,,,,,,,,CONSERVE_34_MD10_SeptA,,,,,,34.MD10.SeptA,,,,,,,,
Chopyk_2020_pond.sample_CONSERVE.22C.MD10.JulyA.BRDU,,2017-07-01,,10.1186/s40793-020-00365-8,cropland biome [ENVO:01000245],pond [ENVO:00000033],fresh water [ENVO:00002011],water,USA,2024-08-07 16:38:39.183353,42.5366,USA: Maryland,region,-74.8867,33902740,SAMN11527921,Chopyk_2020_pond,1169740,,0.15-0.3,,,,,,,,,,,,,,,,,,,,,,,,,,,,,,,,,,,,,,,,,,,,,,,,,,,,,,,,,,,,,,,,,,,,,,,,,,,,CONSERVE_22C_MD10_JulyA_BRDU,,,,,,22C.MD10.JulyA.BRDU,,,,,,,,
Chopyk_2020_pond.sample_MA03_10-24,,2016-10-24,,10.1186/s40793-020-00365-8,small river biome [ENVO:00000890],river [ENVO:00000022],fresh water [ENVO:00002011],water,USA,2024-08-07 16:38:39.183353,42.5366,USA: Mid Atlantic,region,-74.8867,33902740,SAMN10386136,Chopyk_2020_pond,1169740,,,,,,,,,,,,,,,,,,,,,,,,,,,,,,,,,,,,,,,,,,,,,,,,,,,,,,,,,,,,,,,,,,,,,,,,,,,,,,,,,,,,"October 24, freshwater creek, site MA03",,,,,,,,
Chopyk_2020_pond.sample_CONSERVE.2.MD06.MarchA,,2017-03-01,,10.1186/s40793-020-00365-8,biome [ENVO:00000428],waste water [ENVO:00002001],waste water [ENVO:00002001],misc,USA,2024-08-07 16:38:39.183353,42.5366,USA: Maryland,region,-74.8867,33902740,SAMN11527918,Chopyk_2020_pond,527639,,0.15-0.3,,,,,,,,,,,,,,,,,,,,,,,,,,,,,,,,,,,,,,,,,,,,,,,,,,,,,,,,,,,,,,,,,,,,,,,,,,,,CONSERVE_2_MD06_MarchA,,,,,,2.MD06.MarchA,,,,,,,,
Chopyk_2020_pond.sample_CONSERVE.30.MD10.AugustB,,2017-08-01,,10.1186/s40793-020-00365-8,cropland biome [ENVO:01000245],pond [ENVO:00000033],fresh water [ENVO:00002011],water,USA,2024-08-07 16:38:39.183353,42.5366,USA: Maryland,region,-74.8867,33902740,SAMN11527930,Chopyk_2020_pond,1169740,,0.15-0.3,,,,,,,,,,,,,,,,,,,,,,,,,,,,,,,,,,,,,,,,,,,,,,,,,,,,,,,,,,,,,,,,,,,,,,,,,,,,CONSERVE_30_MD10_AugustB,,,,,,30.MD10.AugustB,,,,,,,,
Chopyk_2020_pond.sample_CONSERVE.13.MD10.JuneA.BRDU,,2017-06-01,,10.1186/s40793-020-00365-8,cropland biome [ENVO:01000245],pond [ENVO:00000033],fresh water [ENVO:00002011],water,USA,2024-08-07 16:38:39.183353,42.5366,USA: Maryland,region,-74.8867,33902740,SAMN11527911,Chopyk_2020_pond,1169740,,0.15-0.3,,,,,,,,,,,,,,,,,,,,,,,,,,,,,,,,,,,,,,,,,,,,,,,,,,,,,,,,,,,,,,,,,,,,,,,,,,,,CONSERVE_13_MD10_JuneA_BRDU,,,,,,13.MD10.JuneA.BRDU,,,,,,,,
Chopyk_2020_pond.sample_MA05_7.16.18,,2018-01-16,,10.1186/s40793-020-00365-8,small river biome [ENVO:00000890],river [ENVO:00000022],fresh water [ENVO:00002011],water,USA,2024-08-07 16:38:39.183353,42.5366,USA: Mid Atlantic,region,-74.8867,33902740,SAMN10922026,Chopyk_2020_pond,1169740,,,,,,,,,,,,,,,,,,,,,,,,,,,,,,,,,,,,,,,,,,,,,,,,,,,,,,,,,,,,,,,,,,,,,,,,,,,,,,Keywords: GSC:MIxS;MIMS:5.0,,,,,,"July 16, freshwater creek, site MA05",,,,,,,,
Chopyk_2020_pond.sample_MA05_1.23.17,,2017-01-23,,10.1186/s40793-020-00365-8,small river biome [ENVO:00000890],river [ENVO:00000022],fresh water [ENVO:00002011],water,USA,2024-08-07 16:38:39.183353,42.5366,USA: Mid Atlantic,region,-74.8867,33902740,SAMN10922024,Chopyk_2020_pond,1169740,,,,,,,,,,,,,,,,,,,,,,,,,,,,,,,,,,,,,,,,,,,,,,,,,,,,,,,,,,,,,,,,,,,,,,,,,,,,,,Keywords: GSC:MIxS;MIMS:5.0,,,,,,"January 23, freshwater creek, site MA05",,,,,,,,
Chopyk_2020_pond.sample_MA05_10.2.17.field_viral,,2017-10-02,,10.1186/s40793-020-00365-8,small river biome [ENVO:00000890],river [ENVO:00000022],fresh water [ENVO:00002011],water,USA,2024-08-07 16:38:39.183353,42.5366,USA: Mid Atlantic,region,-74.8867,33902740,SAMN10922034,Chopyk_2020_pond,1169740,,,,,,,,,,,,,,,,,,,,,,,,,,,,,,,,,,,,,,,,,,,,,,,,,,,,,,,,,,,,,,,,,,,,,,,,,,,,,,Keywords: GSC:MIxS;MIMS:5.0,,,,,,"October 2, freshwater creek collected at field, site MA05, viral fraction",,,,,,,,
Chu_2017_sludge.S_FCW1,,2015-07-15,,10.1128/AEM.02168-17,aquatic biome [ENVO:00002030],waste water [ENVO:00002001],waste water [ENVO:00002001],misc,USA,2024-08-07 16:38:52.389555,43.718756,"USA: Sheboygan, WI",exact_location,-87.708365,29269503,SAMN07135111,Chu_2017_sludge,527639,,,,,,,,,,,,,,,,,,,,,,,,,,,,,,,,,,,,,,,,,,,,,,,,,,,,,,,,,,,,,,,,,,,,,,,,,,,,,,,,,,,,Sheboygan Final Clarifier Water 1,,,,,,,,
Chu_2017_sludge.BFP,,2015-07-14,,10.1128/AEM.02168-17,aquatic biome [ENVO:00002030],waste water [ENVO:00002001],waste water [ENVO:00002001],misc,USA,2024-08-07 16:38:52.389555,44.0823076,"USA: Manitowoc, WI",exact_location,-87.6579573,29269503,SAMN07135122,Chu_2017_sludge,527639,,,,,,,,,,,,,,,,,,,,,,,,,,,,,,,,,,,,,,,,,,,,,,,,,,,,,,,,,,,,,,,,,,,,,,,,,,,,,,,,,,,,Manitowoc Influent Prefilter,,,,,,,,
Chu_2017_sludge.PS2,,2015-07-14,,10.1128/AEM.02168-17,aquatic biome [ENVO:00002030],waste water [ENVO:00002001],sludge [ENVO:00002044],misc,USA,2024-08-07 16:38:52.389555,44.0823076,"USA: Manitowoc, WI",exact_location,-87.6579573,29269503,SAMN07135124,Chu_2017_sludge,527639,,,,,,,,,,,,,,,,,,,,,,,,,,,,,,,,,,,,,,,,,,,,,,,,,,,,,,,,,,,,,,,,,,,,,,,,,,,,,,,,,,,,Manitowoc Primary Sludge 2,,,,,,,,
Chu_2017_sludge.M14,,2015-07-14,,10.1128/AEM.02168-17,aquatic biome [ENVO:00002030],waste water [ENVO:00002001],sediment [ENVO:00002007],sediment,USA,2024-08-07 16:38:52.389555,44.0854833,"USA: Manitowoc, WI",exact_location,-87.6268387,29269503,SAMN06915714,Chu_2017_sludge,556182,,,,,,,,,,,,,,,,,,,,,,,,,,,,,,,,,,,,,,,,,,,,,,,,,,,,,,,,,,,,,,,,,,,,,,,,,,,,,,Lake Michigan sediment in site 14 near Manitocwoc WWTP,,,,,,Metagenome or environmental sample from freshwater sediment metagenome,,,,,,,,
Chu_2017_sludge.S_AS1,,2015-07-15,,10.1128/AEM.02168-17,aquatic biome [ENVO:00002030],waste water [ENVO:00002001],sludge [ENVO:00002044],misc,USA,2024-08-07 16:38:52.389555,43.718756,"USA: Sheboygan, WI",exact_location,-87.708365,29269503,SAMN07135108,Chu_2017_sludge,527639,,,,,,,,,,,,,,,,,,,,,,,,,,,,,,,,,,,,,,,,,,,,,,,,,,,,,,,,,,,,,,,,,,,,,,,,,,,,,,,,,,,,Sheboygan Activated Sludge 1,,,,,,,,
Chu_2017_sludge.M4,,2015-07-14,,10.1128/AEM.02168-17,aquatic biome [ENVO:00002030],waste water [ENVO:00002001],sediment [ENVO:00002007],sediment,USA,2024-08-07 16:38:52.389555,44.09515,"USA: Manitowoc, WI",exact_location,-87.6424554,29269503,SAMN06915705,Chu_2017_sludge,556182,,,,,,,,,,,,,,,,,,,,,,,,,,,,,,,,,,,,,,,,,,,,,,,,,,,,,,,,,,,,,,,,,,,,,,,,,,,,,,Lake Michigan sediment in site 4 near Manitocwoc WWTP,,,,,,Metagenome or environmental sample from freshwater sediment metagenome,,,,,,,,
Chu_2017_sludge.S2,,2015-07-15,,10.1128/AEM.02168-17,aquatic biome [ENVO:00002030],waste water [ENVO:00002001],sediment [ENVO:00002007],sediment,USA,2024-08-07 16:38:52.389555,43.72969,"USA: Sheboygan, WI",exact_location,-87.698377,29269503,SAMN06915716,Chu_2017_sludge,556182,,,,,,,,,,,,,,,,,,,,,,,,,,,,,,,,,,,,,,,,,,,,,,,,,,,,,,,,,,,,,,,,,,,,,,,,,,,,,,Lake Michigan sediment in site 2 near Sheboygan WWTP,,,,,,Metagenome or environmental sample from freshwater sediment metagenome,,,,,,,,
Chu_2017_sludge.SE1,,2015-07-15,,10.1128/AEM.02168-17,aquatic biome [ENVO:00002030],waste water [ENVO:00002001],waste water [ENVO:00002001],water,USA,2024-08-07 16:38:52.389555,43.718756,"USA: Sheboygan, WI",exact_location,-87.708365,29269503,SAMN06928188,Chu_2017_sludge,449393,,,,,,,,,,,,,,,,,,,,,,,,,,,,,,,,,,,,,,,,,,,,,,,,,,,,,,,,,,,,,,,,,,,,,,,,,,,,,,Sheboygan wastewater treatment plant effluent (0.22um filter),,,,,,Metagenome or environmental sample from freshwater metagenome,,,,,,,,
Chu_2017_sludge.LMS41,,2015-08-05,,10.1128/AEM.02168-17,aquatic biome [ENVO:00002030],waste water [ENVO:00002001],sediment [ENVO:00002007],sediment,USA,2024-08-07 16:38:52.389555,44.736718,USA: Lake Michigan,exact_location,-86.721512,29269503,SAMN06915723,Chu_2017_sludge,556182,,,,,,,,,,,,,,,,,,,,,,,,,,,,,,,,,,,,,,,,,,,,,,,,,,,,,,,,,,,,,,,,,,,,,,,,,,,,,,"Lake Michigan sediment collected in the middle of the lake, station 41",,,,,,Metagenome or environmental sample from freshwater sediment metagenome,,,,,,,,
Chu_2017_sludge.M13,,2015-07-14,,10.1128/AEM.02168-17,aquatic biome [ENVO:00002030],waste water [ENVO:00002001],sediment [ENVO:00002007],sediment,USA,2024-08-07 16:38:52.389555,44.0911333,"USA: Manitowoc, WI",exact_location,-87.6195387,29269503,SAMN06915713,Chu_2017_sludge,556182,,,,,,,,,,,,,,,,,,,,,,,,,,,,,,,,,,,,,,,,,,,,,,,,,,,,,,,,,,,,,,,,,,,,,,,,,,,,,,Lake Michigan sediment in site 13 near Manitocwoc WWTP,,,,,,Metagenome or environmental sample from freshwater sediment metagenome,,,,,,,,
Chu_2017_sludge.LMS18,,2015-08-04,,10.1128/AEM.02168-17,aquatic biome [ENVO:00002030],waste water [ENVO:00002001],sediment [ENVO:00002007],sediment,USA,2024-08-07 16:38:52.389555,42.732918,USA: Lake Michigan,exact_location,-87.001823,29269503,SAMN06915722,Chu_2017_sludge,556182,,,,,,,,,,,,,,,,,,,,,,,,,,,,,,,,,,,,,,,,,,,,,,,,,,,,,,,,,,,,,,,,,,,,,,,,,,,,,,"Lake Michigan sediment collected in the middle of the lake, station 18",,,,,,Metagenome or environmental sample from freshwater sediment metagenome,,,,,,,,
Chu_2017_sludge.M3,,2015-07-14,,10.1128/AEM.02168-17,aquatic biome [ENVO:00002030],waste water [ENVO:00002001],sediment [ENVO:00002007],sediment,USA,2024-08-07 16:38:52.389555,44.09845,"USA: Manitowoc, WI",exact_location,-87.6363054,29269503,SAMN06915704,Chu_2017_sludge,556182,,,,,,,,,,,,,,,,,,,,,,,,,,,,,,,,,,,,,,,,,,,,,,,,,,,,,,,,,,,,,,,,,,,,,,,,,,,,,,Lake Michigan sediment in site 3 near Manitocwoc WWTP,,,,,,Metagenome or environmental sample from freshwater sediment metagenome,,,,,,,,
Lekunberri_2018_river_wastewater.DOWN6,,2016-04-18,,10.1016/j.envpol.2017.12.001,wastewater treatment plant [ENVO:00002043],waste water [ENVO:00002001],river water [ENVO:01000599],water,Spain,2024-08-07 17:22:45.284924,42.025312,Spain: Girona,city,2.831897,29220785,SAMN06052527,Lekunberri_2018_river_wastewater,1169740,,,,,,,,,,,,,,,,,,,,,,,,,,,,,,,,,,,,,,,,,,,,,,,,,,,,,,,,,,,,,,,,,,,,,,,,,,,,,,,,,,,,,,,,,,,,
Lekunberri_2018_river_wastewater.UP5,,2016-04-18,,10.1016/j.envpol.2017.12.001,wastewater treatment plant [ENVO:00002043],waste water [ENVO:00002001],river water [ENVO:01000599],water,Spain,2024-08-07 17:22:45.284924,42.025312,Spain: Girona,city,2.831897,29220785,SAMN06052520,Lekunberri_2018_river_wastewater,1169740,,,,,,,,,,,,,,,,,,,,,,,,,,,,,,,,,,,,,,,,,,,,,,,,,,,,,,,,,,,,,,,,,,,,,,,,,,,,,,,,,,,,,,,,,,,,
Lekunberri_2018_river_wastewater.UP2,,2016-04-18,,10.1016/j.envpol.2017.12.001,wastewater treatment plant [ENVO:00002043],waste water [ENVO:00002001],river water [ENVO:01000599],water,Spain,2024-08-07 17:22:45.284924,42.025312,Spain: Girona,city,2.831897,29220785,SAMN06052517,Lekunberri_2018_river_wastewater,1169740,,,,,,,,,,,,,,,,,,,,,,,,,,,,,,,,,,,,,,,,,,,,,,,,,,,,,,,,,,,,,,,,,,,,,,,,,,,,,,,,,,,,,,,,,,,,
Lekunberri_2018_river_wastewater.DOWN2,,2016-04-18,,10.1016/j.envpol.2017.12.001,wastewater treatment plant [ENVO:00002043],waste water [ENVO:00002001],river water [ENVO:01000599],water,Spain,2024-08-07 17:22:45.284924,42.025312,Spain: Girona,city,2.831897,29220785,SAMN06052523,Lekunberri_2018_river_wastewater,1169740,,,,,,,,,,,,,,,,,,,,,,,,,,,,,,,,,,,,,,,,,,,,,,,,,,,,,,,,,,,,,,,,,,,,,,,,,,,,,,,,,,,,,,,,,,,,
Lekunberri_2018_river_wastewater.UP3,,2016-04-18,,10.1016/j.envpol.2017.12.001,wastewater treatment plant [ENVO:00002043],waste water [ENVO:00002001],river water [ENVO:01000599],water,Spain,2024-08-07 17:22:45.284924,42.025312,Spain: Girona,city,2.831897,29220785,SAMN06052518,Lekunberri_2018_river_wastewater,1169740,,,,,,,,,,,,,,,,,,,,,,,,,,,,,,,,,,,,,,,,,,,,,,,,,,,,,,,,,,,,,,,,,,,,,,,,,,,,,,,,,,,,,,,,,,,,
Lekunberri_2018_river_wastewater.DOWN5,,2016-04-18,,10.1016/j.envpol.2017.12.001,wastewater treatment plant [ENVO:00002043],waste water [ENVO:00002001],river water [ENVO:01000599],water,Spain,2024-08-07 17:22:45.284924,42.025312,Spain: Girona,city,2.831897,29220785,SAMN06052526,Lekunberri_2018_river_wastewater,1169740,,,,,,,,,,,,,,,,,,,,,,,,,,,,,,,,,,,,,,,,,,,,,,,,,,,,,,,,,,,,,,,,,,,,,,,,,,,,,,,,,,,,,,,,,,,,
Lekunberri_2018_river_wastewater.DOWN4,,2016-04-18,,10.1016/j.envpol.2017.12.001,wastewater treatment plant [ENVO:00002043],waste water [ENVO:00002001],river water [ENVO:01000599],water,Spain,2024-08-07 17:22:45.284924,42.025312,Spain: Girona,city,2.831897,29220785,SAMN06052525,Lekunberri_2018_river_wastewater,1169740,,,,,,,,,,,,,,,,,,,,,,,,,,,,,,,,,,,,,,,,,,,,,,,,,,,,,,,,,,,,,,,,,,,,,,,,,,,,,,,,,,,,,,,,,,,,
Lekunberri_2018_river_wastewater.DOWN1,,2016-04-18,,10.1016/j.envpol.2017.12.001,wastewater treatment plant [ENVO:00002043],waste water [ENVO:00002001],river water [ENVO:01000599],water,Spain,2024-08-07 17:22:45.284924,42.025312,Spain: Girona,city,2.831897,29220785,SAMN06052522,Lekunberri_2018_river_wastewater,1169740,,,,,,,,,,,,,,,,,,,,,,,,,,,,,,,,,,,,,,,,,,,,,,,,,,,,,,,,,,,,,,,,,,,,,,,,,,,,,,,,,,,,,,,,,,,,
Lekunberri_2018_river_wastewater.UP1,,2016-04-18,,10.1016/j.envpol.2017.12.001,wastewater treatment plant [ENVO:00002043],waste water [ENVO:00002001],river water [ENVO:01000599],water,Spain,2024-08-07 17:22:45.284924,42.025312,Spain: Girona,city,2.831897,29220785,SAMN06052516,Lekunberri_2018_river_wastewater,1169740,,,,,,,,,,,,,,,,,,,,,,,,,,,,,,,,,,,,,,,,,,,,,,,,,,,,,,,,,,,,,,,,,,,,,,,,,,,,,,,,,,,,,,,,,,,,
Lekunberri_2018_river_wastewater.DOWN3,,2016-04-18,,10.1016/j.envpol.2017.12.001,wastewater treatment plant [ENVO:00002043],waste water [ENVO:00002001],river water [ENVO:01000599],water,Spain,2024-08-07 17:22:45.284924,42.025312,Spain: Girona,city,2.831897,29220785,SAMN06052524,Lekunberri_2018_river_wastewater,1169740,,,,,,,,,,,,,,,,,,,,,,,,,,,,,,,,,,,,,,,,,,,,,,,,,,,,,,,,,,,,,,,,,,,,,,,,,,,,,,,,,,,,,,,,,,,,
Lekunberri_2018_river_wastewater.UP6,,2016-04-18,,10.1016/j.envpol.2017.12.001,wastewater treatment plant [ENVO:00002043],waste water [ENVO:00002001],river water [ENVO:01000599],water,Spain,2024-08-07 17:22:45.284924,42.025312,Spain: Girona,city,2.831897,29220785,SAMN06052521,Lekunberri_2018_river_wastewater,1169740,,,,,,,,,,,,,,,,,,,,,,,,,,,,,,,,,,,,,,,,,,,,,,,,,,,,,,,,,,,,,,,,,,,,,,,,,,,,,,,,,,,,,,,,,,,,
Lekunberri_2018_river_wastewater.UP4,,2016-04-18,,10.1016/j.envpol.2017.12.001,wastewater treatment plant [ENVO:00002043],waste water [ENVO:00002001],river water [ENVO:01000599],water,Spain,2024-08-07 17:22:45.284924,42.025312,Spain: Girona,city,2.831897,29220785,SAMN06052519,Lekunberri_2018_river_wastewater,1169740,,,,,,,,,,,,,,,,,,,,,,,,,,,,,,,,,,,,,,,,,,,,,,,,,,,,,,,,,,,,,,,,,,,,,,,,,,,,,,,,,,,,,,,,,,,,
Rowe_2017_hospital_wastewater.sample_WW1,,2013-01-01,2014-12-31,10.1093/jac/dkx017,anthropogenic terrestrial biome [ENVO:01000219],waste water [ENVO:00002001],waste water [ENVO:00002001],misc,United Kingdom,2024-08-07 17:58:18.790964,52.2,,exact_location,0.12,28175320,SAMEA3712871,Rowe_2017_hospital_wastewater,527639,,,,,,,,,,,,,,,,,,,,,,,,,,,,,,,,,,,,,,,,,,,,,,,,,,,,,,,,,,,,,,,,,,,,,,,,,,,,,,,,,,,,phd_metagenome,,,,,,,,
Rowe_2017_hospital_wastewater.sample_DF3,,2014-09-15,,10.1093/jac/dkx017,anthropogenic terrestrial biome [ENVO:01000219],farm [ENVO:00000078],waste water [ENVO:00002001],misc,United Kingdom,2024-08-07 17:58:18.790964,52.22259,,exact_location,0.02603,28175320,SAMEA3712807,Rowe_2017_hospital_wastewater,527639,,,,,,,,,,,,,,,,,,,,,,,,,,,,,,,,,,,,,,,,,,,,,,,,,,,,,,,,,,,,,,,,,,,,,,,,,,,,,,,,,,,,phd_metagenome_,,,,,,,,
Rowe_2017_hospital_wastewater.sample_AS2,,2014-08-04,,10.1093/jac/dkx017,freshwater river biome [ENVO:01000253],river [ENVO:00000022],river water [ENVO:01000599],water,United Kingdom,2024-08-07 17:58:18.790964,52.0421,,exact_location,0.1497,28175320,SAMEA3712801,Rowe_2017_hospital_wastewater,449393,,,,,,,,,,,,,,,,,,,,,,,,,,,,,,,,,,,,,,,,,,,,,,,,,,,,,,,,,,,,,,,,,,,,,,,,,,,,,,,,,,,,phd_metagenome_,,,,,,,,
Rowe_2017_hospital_wastewater.sample_DF5,,2014-10-27,,10.1093/jac/dkx017,anthropogenic terrestrial biome [ENVO:01000219],farm [ENVO:00000078],waste water [ENVO:00002001],misc,United Kingdom,2024-08-07 17:58:18.790964,52.22259,,exact_location,0.02603,28175320,SAMEA3712809,Rowe_2017_hospital_wastewater,527639,,,,,,,,,,,,,,,,,,,,,,,,,,,,,,,,,,,,,,,,,,,,,,,,,,,,,,,,,,,,,,,,,,,,,,,,,,,,,,,,,,,,phd_metagenome_,,,,,,,,
Rowe_2017_hospital_wastewater.sample_AH1,,2013-05-02,,10.1093/jac/dkx017,anthropogenic terrestrial biome [ENVO:01000219],hospital [ENVO:00002173],waste water [ENVO:00002001],misc,United Kingdom,2024-08-07 17:58:18.790964,52.174343,,exact_location,0.139346,28175320,SAMEA3712774,Rowe_2017_hospital_wastewater,527639,,,,,,,,,,,,,,,,,,,,,,,,,,,,,,,,,,,,,,,,,,,,,,,,,,,,,,,,,,,,,,,,,,,,,,,,,,,,,,,,,,,,phd_metagenome_,,,,,,,,
Rowe_2017_hospital_wastewater.sample_DF1,,2013-05-02,,"10.1093/jac/dkx017, 10.2166/wst.2015.634",anthropogenic terrestrial biome [ENVO:01000219],farm [ENVO:00000078],waste water [ENVO:00002001],misc,United Kingdom,2024-08-07 17:58:18.790964,52.22259,,exact_location,0.02603,"27054725, 28175320",SAMEA3712872,Rowe_2017_hospital_wastewater,527639,,,,,,,,,,,,,,,,,,,,,,,,,,,,,,,,,,,,,,,,,,,,,,,,,,,,,,,,,,,,,,,,,,,,,,,,,,,,,,,,,,,,phd_metagenome,,,,,,,,
Rowe_2017_hospital_wastewater.sample_AH5,,2014-10-27,,10.1093/jac/dkx017,anthropogenic terrestrial biome [ENVO:01000219],hospital [ENVO:00002173],waste water [ENVO:00002001],misc,United Kingdom,2024-08-07 17:58:18.790964,52.174343,,exact_location,0.139346,28175320,SAMEA3712778,Rowe_2017_hospital_wastewater,527639,,,,,,,,,,,,,,,,,,,,,,,,,,,,,,,,,,,,,,,,,,,,,,,,,,,,,,,,,,,,,,,,,,,,,,,,,,,,,,,,,,,,phd_metagenome_,,,,,,,,
Rowe_2017_hospital_wastewater.sample_AS3,,2014-09-15,,10.1093/jac/dkx017,freshwater river biome [ENVO:01000253],river [ENVO:00000022],river water [ENVO:01000599],water,United Kingdom,2024-08-07 17:58:18.790964,52.0421,,exact_location,0.1497,28175320,SAMEA3712802,Rowe_2017_hospital_wastewater,449393,,,,,,,,,,,,,,,,,,,,,,,,,,,,,,,,,,,,,,,,,,,,,,,,,,,,,,,,,,,,,,,,,,,,,,,,,,,,,,,,,,,,phd_metagenome_,,,,,,,,
Rowe_2017_hospital_wastewater.sample_AH2,,2014-08-04,,10.1093/jac/dkx017,anthropogenic terrestrial biome [ENVO:01000219],hospital [ENVO:00002173],waste water [ENVO:00002001],misc,United Kingdom,2024-08-07 17:58:18.790964,52.174343,,exact_location,0.139346,28175320,SAMEA3712775,Rowe_2017_hospital_wastewater,527639,,,,,,,,,,,,,,,,,,,,,,,,,,,,,,,,,,,,,,,,,,,,,,,,,,,,,,,,,,,,,,,,,,,,,,,,,,,,,,,,,,,,phd_metagenome_,,,,,,,,
Rowe_2017_hospital_wastewater.sample_AH6,,2014-11-24,,10.1093/jac/dkx017,anthropogenic terrestrial biome [ENVO:01000219],hospital [ENVO:00002173],waste water [ENVO:00002001],misc,United Kingdom,2024-08-07 17:58:18.790964,52.174343,,exact_location,0.139346,28175320,SAMEA3712779,Rowe_2017_hospital_wastewater,527639,,,,,,,,,,,,,,,,,,,,,,,,,,,,,,,,,,,,,,,,,,,,,,,,,,,,,,,,,,,,,,,,,,,,,,,,,,,,,,,,,,,,phd_metagenome_,,,,,,,,
Rowe_2017_hospital_wastewater.sample_AH3,,2014-09-15,,10.1093/jac/dkx017,anthropogenic terrestrial biome [ENVO:01000219],hospital [ENVO:00002173],waste water [ENVO:00002001],misc,United Kingdom,2024-08-07 17:58:18.790964,52.174343,,exact_location,0.139346,28175320,SAMEA3712776,Rowe_2017_hospital_wastewater,527639,,,,,,,,,,,,,,,,,,,,,,,,,,,,,,,,,,,,,,,,,,,,,,,,,,,,,,,,,,,,,,,,,,,,,,,,,,,,,,,,,,,,phd_metagenome_,,,,,,,,
Rowe_2017_hospital_wastewater.sample_PF1,,2013-01-01,2014-12-31,10.1093/jac/dkx017,anthropogenic terrestrial biome [ENVO:01000219],waste water [ENVO:00002001],waste water [ENVO:00002001],misc,United Kingdom,2024-08-07 17:58:18.790964,52.2,,exact_location,0.12,28175320,SAMEA3712796,Rowe_2017_hospital_wastewater,527639,,,,,,,,,,,,,,,,,,,,,,,,,,,,,,,,,,,,,,,,,,,,,,,,,,,,,,,,,,,,,,,,,,,,,,,,,,,,,,,,,,,,phd_metagenome_,,,,,,,,
Schulz_2017_wastewater.Gp0123773,,2015-01-05,,10.1126/science.aal4657,industrial wastewater [ENVO:01000964],waste water [ENVO:00002001],activated sludge [ENVO:00002046],misc,Austria,2024-08-07 18:00:19.328146,48.3,Austria: Klosterneuburg,exact_location,16.2,28386012,SAMN06343793,Schulz_2017_wastewater,942017,,,,,,,,,,,,,,,,,,,,,,,,,,,,,,,,,,,,,,,,,,,,,,,,,,,,,,,,,,,,,,,,,,,,,,,,,,,,,,,,,,,,,,,,,,,,
Schulz_2017_wastewater.Gp0123814,,2015-01-19,,10.1126/science.aal4657,industrial wastewater [ENVO:01000964],waste water [ENVO:00002001],activated sludge [ENVO:00002046],misc,Austria,2024-08-07 18:00:19.328146,48.3,Austria: Klosterneuburg,exact_location,16.2,28386012,SAMN06343650,Schulz_2017_wastewater,942017,,,,,,,,,,,,,,,,,,,,,,,,,,,,,,,,,,,,,,,,,,,,,,,,,,,,,,,,,,,,,,,,,,,,,,,,,,,,,,,,,,,,,,,,,,,,
Schulz_2017_wastewater.Gp0115559,,2015-01-05,,10.1126/science.aal4657,industrial wastewater [ENVO:01000964],waste water [ENVO:00002001],activated sludge [ENVO:00002046],misc,Austria,2024-08-07 18:00:19.328146,48.3,Austria: Klosterneuburg,exact_location,16.2,28386012,SAMN06343848,Schulz_2017_wastewater,942017,,,,,,,,,,,,,,,,,,,,,,,,,,,,,,,,,,,,,,,,,,,,,,,,,,,,,,,,,,,,,,,,,,,,,,,,,,,,,,,,,,,,,,,,,,,,
Schulz_2017_wastewater.Gp0124078,,2015-01-05,,10.1126/science.aal4657,industrial wastewater [ENVO:01000964],waste water [ENVO:00002001],activated sludge [ENVO:00002046],misc,Austria,2024-08-07 18:00:19.328146,48.3,Austria: Klosterneuburg,exact_location,16.2,28386012,SAMN06343693,Schulz_2017_wastewater,942017,,,,,,,,,,,,,,,,,,,,,,,,,,,,,,,,,,,,,,,,,,,,,,,,,,,,,,,,,,,,,,,,,,,,,,,,,,,,,,,,,,,,,,,,,,,,
Schulz_2017_wastewater.Gp0123802,,2015-01-19,,10.1126/science.aal4657,industrial wastewater [ENVO:01000964],waste water [ENVO:00002001],activated sludge [ENVO:00002046],misc,Austria,2024-08-07 18:00:19.328146,48.3,Austria: Klosterneuburg,exact_location,16.2,28386012,SAMN06343643,Schulz_2017_wastewater,942017,,,,,,,,,,,,,,,,,,,,,,,,,,,,,,,,,,,,,,,,,,,,,,,,,,,,,,,,,,,,,,,,,,,,,,,,,,,,,,,,,,,,,,,,,,,,
Schulz_2017_wastewater.Gp0123779,,2015-01-05,,10.1126/science.aal4657,industrial wastewater [ENVO:01000964],waste water [ENVO:00002001],activated sludge [ENVO:00002046],misc,Austria,2024-08-07 18:00:19.328146,48.3,Austria: Klosterneuburg,exact_location,16.2,28386012,SAMN06343798,Schulz_2017_wastewater,942017,,,,,,,,,,,,,,,,,,,,,,,,,,,,,,,,,,,,,,,,,,,,,,,,,,,,,,,,,,,,,,,,,,,,,,,,,,,,,,,,,,,,,,,,,,,,
Schulz_2017_wastewater.Gp0124081,,2015-01-05,,10.1126/science.aal4657,industrial wastewater [ENVO:01000964],waste water [ENVO:00002001],activated sludge [ENVO:00002046],misc,Austria,2024-08-07 18:00:19.328146,48.3,Austria: Klosterneuburg,exact_location,16.2,28386012,SAMN06343695,Schulz_2017_wastewater,942017,,,,,,,,,,,,,,,,,,,,,,,,,,,,,,,,,,,,,,,,,,,,,,,,,,,,,,,,,,,,,,,,,,,,,,,,,,,,,,,,,,,,,,,,,,,,
Schulz_2017_wastewater.Gp0123765,,2015-01-05,,10.1126/science.aal4657,industrial wastewater [ENVO:01000964],waste water [ENVO:00002001],activated sludge [ENVO:00002046],misc,Austria,2024-08-07 18:00:19.328146,48.3,Austria: Klosterneuburg,exact_location,16.2,28386012,SAMN06343787,Schulz_2017_wastewater,942017,,,,,,,,,,,,,,,,,,,,,,,,,,,,,,,,,,,,,,,,,,,,,,,,,,,,,,,,,,,,,,,,,,,,,,,,,,,,,,,,,,,,,,,,,,,,
Schulz_2017_wastewater.Gp0124107,,2015-01-19,,10.1126/science.aal4657,industrial wastewater [ENVO:01000964],waste water [ENVO:00002001],activated sludge [ENVO:00002046],misc,Austria,2024-08-07 18:00:19.328146,48.3,Austria: Klosterneuburg,exact_location,16.2,28386012,SAMN06343711,Schulz_2017_wastewater,942017,,,,,,,,,,,,,,,,,,,,,,,,,,,,,,,,,,,,,,,,,,,,,,,,,,,,,,,,,,,,,,,,,,,,,,,,,,,,,,,,,,,,,,,,,,,,
Schulz_2017_wastewater.Gp0123766,,2015-01-05,,10.1126/science.aal4657,industrial wastewater [ENVO:01000964],waste water [ENVO:00002001],activated sludge [ENVO:00002046],misc,Austria,2024-08-07 18:00:19.328146,48.3,Austria: Klosterneuburg,exact_location,16.2,28386012,SAMN06343788,Schulz_2017_wastewater,942017,,,,,,,,,,,,,,,,,,,,,,,,,,,,,,,,,,,,,,,,,,,,,,,,,,,,,,,,,,,,,,,,,,,,,,,,,,,,,,,,,,,,,,,,,,,,
Schulz_2017_wastewater.Gp0123843,,2015-01-19,,10.1126/science.aal4657,industrial wastewater [ENVO:01000964],waste water [ENVO:00002001],activated sludge [ENVO:00002046],misc,Austria,2024-08-07 18:00:19.328146,48.3,Austria: Klosterneuburg,exact_location,16.2,28386012,SAMN06343666,Schulz_2017_wastewater,942017,,,,,,,,,,,,,,,,,,,,,,,,,,,,,,,,,,,,,,,,,,,,,,,,,,,,,,,,,,,,,,,,,,,,,,,,,,,,,,,,,,,,,,,,,,,,
Schulz_2017_wastewater.Gp0124090,,2015-01-19,,10.1126/science.aal4657,industrial wastewater [ENVO:01000964],waste water [ENVO:00002001],activated sludge [ENVO:00002046],misc,Austria,2024-08-07 18:00:19.328146,48.3,Austria: Klosterneuburg,exact_location,16.2,28386012,SAMN06343701,Schulz_2017_wastewater,942017,,,,,,,,,,,,,,,,,,,,,,,,,,,,,,,,,,,,,,,,,,,,,,,,,,,,,,,,,,,,,,,,,,,,,,,,,,,,,,,,,,,,,,,,,,,,
