sample_alias,artificial,collection_date,collection_date_end,doi,environment_biome,environment_feature,environment_material,environmental_package,geographic_location,last_change,latitude,location,location_resolution,longitude,pmid,spire_sample_name,study_code,tax_id,elevation_meters,depth_meters,pH,temperature,mean_annual_precipitation_mm,mean_annual_temperature,filtration_upper_threshold_um,filtration_lower_threshold_um,calcium_mg_l,nitrate_nitrite_uM,temperature_range,food_name,land_use_full,strain,time_period,isolation_source,phosphorus_uM,nitrite_uM,ammonium_uM,host_tax_id,site_description,carbon_dioxide_uM,total_manganese_uM,original_sample_name,sampling_campaign,ph_range,butyrate_uM,acetate_uM,host_tax_scientific_name,sulfide_uM,total_nitrate,infant_ID,ferric_iron_uM,formate_uM,ammonium_mg_l,Field_nominal_C,phosphate_uM,filtration_lower_threshold,sulfate_uM,iron_uM,nitrate_mg_l,total_dissolved_nitrogen_uM,vegetation,sulfate_mg_l,note,full_description,chloride_mg_l,manganese_uM,oxygen_uM,location_name,potassium_mg_l,land_use_category,water_depth_meters,plant,ferrous_uM,sampling_site,total_organic_carbon,ferrous_iron_uM,salinity,DESCRIPTION,hydrosulfide_uM,specific_material,enriched_soil,total_iron_uM,silicate_uM,DOL_range,propionate_uM,sodium_mg_l,salinity_ppt,dissolved_organic_carbon_uM,nitrite_mg_l,added_matter,climatic_zone,vegetation_full,nitrogen_percent,nitrate_uM,sampling_platform,sample_description,host_common_name,filtration_lower_threshold_kDa,iron_mg_l,phosphorus_mg_l,dissolved_oxygen_uM,sample_title,oxygen_mg_l,methane_uM,magnesium_mg_l,pH_range,host_scientific_name,nitrogen_dioxide_uM,study_accession,salinity_ppm
Chu_2017_sludge.LMS41,,2015-08-05,,10.1128/AEM.02168-17,aquatic biome [ENVO:00002030],waste water [ENVO:00002001],sediment [ENVO:00002007],sediment,USA,2024-08-07 16:38:52.389555,44.736718,USA: Lake Michigan,exact_location,-86.721512,29269503,SAMN06915723,Chu_2017_sludge,556182,,,,,,,,,,,,,,,,,,,,,,,,,,,,,,,,,,,,,,,,,,,,,,,,,,,,,,,,,,,,,,,,,,,,,,,,,,,,,,"Lake Michigan sediment collected in the middle of the lake, station 41",,,,,,Metagenome or environmental sample from freshwater sediment metagenome,,,,,,,,
Chu_2017_sludge.S_FCW1,,2015-07-15,,10.1128/AEM.02168-17,aquatic biome [ENVO:00002030],waste water [ENVO:00002001],waste water [ENVO:00002001],misc,USA,2024-08-07 16:38:52.389555,43.718756,"USA: Sheboygan, WI",exact_location,-87.708365,29269503,SAMN07135111,Chu_2017_sludge,527639,,,,,,,,,,,,,,,,,,,,,,,,,,,,,,,,,,,,,,,,,,,,,,,,,,,,,,,,,,,,,,,,,,,,,,,,,,,,,,,,,,,,Sheboygan Final Clarifier Water 1,,,,,,,,
Chu_2017_sludge.S_FCW3,,2015-07-15,,10.1128/AEM.02168-17,aquatic biome [ENVO:00002030],waste water [ENVO:00002001],waste water [ENVO:00002001],misc,USA,2024-08-07 16:38:52.389555,43.718756,"USA: Sheboygan, WI",exact_location,-87.708365,29269503,SAMN07135113,Chu_2017_sludge,527639,,,,,,,,,,,,,,,,,,,,,,,,,,,,,,,,,,,,,,,,,,,,,,,,,,,,,,,,,,,,,,,,,,,,,,,,,,,,,,,,,,,,Sheboygan Final Clarifier Water 3,,,,,,,,
Chu_2017_sludge.S_AS3,,2015-07-15,,10.1128/AEM.02168-17,aquatic biome [ENVO:00002030],waste water [ENVO:00002001],sludge [ENVO:00002044],misc,USA,2024-08-07 16:38:52.389555,43.718756,"USA: Sheboygan, WI",exact_location,-87.708365,29269503,SAMN07135110,Chu_2017_sludge,527639,,,,,,,,,,,,,,,,,,,,,,,,,,,,,,,,,,,,,,,,,,,,,,,,,,,,,,,,,,,,,,,,,,,,,,,,,,,,,,,,,,,,Sheboygan Activated Sludge 3,,,,,,,,
Chu_2017_sludge.M12,,2015-07-14,,10.1128/AEM.02168-17,aquatic biome [ENVO:00002030],waste water [ENVO:00002001],sediment [ENVO:00002007],sediment,USA,2024-08-07 16:38:52.389555,44.0965833,"USA: Manitowoc, WI",exact_location,-87.608572,29269503,SAMN06915712,Chu_2017_sludge,556182,,,,,,,,,,,,,,,,,,,,,,,,,,,,,,,,,,,,,,,,,,,,,,,,,,,,,,,,,,,,,,,,,,,,,,,,,,,,,,Lake Michigan sediment in site 12 near Manitocwoc WWTP,,,,,,Metagenome or environmental sample from freshwater sediment metagenome,,,,,,,,
Chu_2017_sludge.PS2,,2015-07-14,,10.1128/AEM.02168-17,aquatic biome [ENVO:00002030],waste water [ENVO:00002001],sludge [ENVO:00002044],misc,USA,2024-08-07 16:38:52.389555,44.0823076,"USA: Manitowoc, WI",exact_location,-87.6579573,29269503,SAMN07135124,Chu_2017_sludge,527639,,,,,,,,,,,,,,,,,,,,,,,,,,,,,,,,,,,,,,,,,,,,,,,,,,,,,,,,,,,,,,,,,,,,,,,,,,,,,,,,,,,,Manitowoc Primary Sludge 2,,,,,,,,
Chu_2017_sludge.PS1,,2015-07-14,,10.1128/AEM.02168-17,aquatic biome [ENVO:00002030],waste water [ENVO:00002001],sludge [ENVO:00002044],misc,USA,2024-08-07 16:38:52.389555,44.0823076,"USA: Manitowoc, WI",exact_location,-87.6579573,29269503,SAMN07135123,Chu_2017_sludge,527639,,,,,,,,,,,,,,,,,,,,,,,,,,,,,,,,,,,,,,,,,,,,,,,,,,,,,,,,,,,,,,,,,,,,,,,,,,,,,,,,,,,,Manitowoc Primary Sludge 1,,,,,,,,
Chu_2017_sludge.M9,,2015-07-14,,10.1128/AEM.02168-17,aquatic biome [ENVO:00002030],waste water [ENVO:00002001],sediment [ENVO:00002007],sediment,USA,2024-08-07 16:38:52.389555,44.0705167,"USA: Manitowoc, WI",exact_location,-87.612772,29269503,SAMN06915709,Chu_2017_sludge,556182,,,,,,,,,,,,,,,,,,,,,,,,,,,,,,,,,,,,,,,,,,,,,,,,,,,,,,,,,,,,,,,,,,,,,,,,,,,,,,Lake Michigan sediment in site 9 near Manitocwoc WWTP,,,,,,Metagenome or environmental sample from freshwater sediment metagenome,,,,,,,,
Chu_2017_sludge.S4,,2015-07-15,,10.1128/AEM.02168-17,aquatic biome [ENVO:00002030],waste water [ENVO:00002001],sediment [ENVO:00002007],sediment,USA,2024-08-07 16:38:52.389555,43.729607,"USA: Sheboygan, WI",exact_location,-87.684798,29269503,SAMN06915718,Chu_2017_sludge,556182,,,,,,,,,,,,,,,,,,,,,,,,,,,,,,,,,,,,,,,,,,,,,,,,,,,,,,,,,,,,,,,,,,,,,,,,,,,,,,Lake Michigan sediment in site 4 near Sheboygan WWTP,,,,,,Metagenome or environmental sample from freshwater sediment metagenome,,,,,,,,
Chu_2017_sludge.M14,,2015-07-14,,10.1128/AEM.02168-17,aquatic biome [ENVO:00002030],waste water [ENVO:00002001],sediment [ENVO:00002007],sediment,USA,2024-08-07 16:38:52.389555,44.0854833,"USA: Manitowoc, WI",exact_location,-87.6268387,29269503,SAMN06915714,Chu_2017_sludge,556182,,,,,,,,,,,,,,,,,,,,,,,,,,,,,,,,,,,,,,,,,,,,,,,,,,,,,,,,,,,,,,,,,,,,,,,,,,,,,,Lake Michigan sediment in site 14 near Manitocwoc WWTP,,,,,,Metagenome or environmental sample from freshwater sediment metagenome,,,,,,,,
Chu_2017_sludge.LMS18,,2015-08-04,,10.1128/AEM.02168-17,aquatic biome [ENVO:00002030],waste water [ENVO:00002001],sediment [ENVO:00002007],sediment,USA,2024-08-07 16:38:52.389555,42.732918,USA: Lake Michigan,exact_location,-87.001823,29269503,SAMN06915722,Chu_2017_sludge,556182,,,,,,,,,,,,,,,,,,,,,,,,,,,,,,,,,,,,,,,,,,,,,,,,,,,,,,,,,,,,,,,,,,,,,,,,,,,,,,"Lake Michigan sediment collected in the middle of the lake, station 18",,,,,,Metagenome or environmental sample from freshwater sediment metagenome,,,,,,,,
Chu_2017_sludge.E1,,2015-07-14,,10.1128/AEM.02168-17,aquatic biome [ENVO:00002030],waste water [ENVO:00002001],waste water [ENVO:00002001],water,USA,2024-08-07 16:38:52.389555,44.0823076,"USA: Manitowoc, WI",exact_location,-87.6579573,29269503,SAMN06928184,Chu_2017_sludge,449393,,,,,,,,,,,,,,,,,,,,,,,,,,,,,,,,,,,,,,,,,,,,,,,,,,,,,,,,,,,,,,,,,,,,,,,,,,,,,,Manitowoc wastewater treatment plant effluent (0.22um filter),,,,,,Metagenome or environmental sample from freshwater metagenome,,,,,,,,
Lekunberri_2018_river_wastewater.UP5,,2016-04-18,,10.1016/j.envpol.2017.12.001,wastewater treatment plant [ENVO:00002043],waste water [ENVO:00002001],river water [ENVO:01000599],water,Spain,2024-08-07 17:22:45.284924,42.025312,Spain: Girona,city,2.831897,29220785,SAMN06052520,Lekunberri_2018_river_wastewater,1169740,,,,,,,,,,,,,,,,,,,,,,,,,,,,,,,,,,,,,,,,,,,,,,,,,,,,,,,,,,,,,,,,,,,,,,,,,,,,,,,,,,,,,,,,,,,,
Lekunberri_2018_river_wastewater.UP2,,2016-04-18,,10.1016/j.envpol.2017.12.001,wastewater treatment plant [ENVO:00002043],waste water [ENVO:00002001],river water [ENVO:01000599],water,Spain,2024-08-07 17:22:45.284924,42.025312,Spain: Girona,city,2.831897,29220785,SAMN06052517,Lekunberri_2018_river_wastewater,1169740,,,,,,,,,,,,,,,,,,,,,,,,,,,,,,,,,,,,,,,,,,,,,,,,,,,,,,,,,,,,,,,,,,,,,,,,,,,,,,,,,,,,,,,,,,,,
Lekunberri_2018_river_wastewater.DOWN1,,2016-04-18,,10.1016/j.envpol.2017.12.001,wastewater treatment plant [ENVO:00002043],waste water [ENVO:00002001],river water [ENVO:01000599],water,Spain,2024-08-07 17:22:45.284924,42.025312,Spain: Girona,city,2.831897,29220785,SAMN06052522,Lekunberri_2018_river_wastewater,1169740,,,,,,,,,,,,,,,,,,,,,,,,,,,,,,,,,,,,,,,,,,,,,,,,,,,,,,,,,,,,,,,,,,,,,,,,,,,,,,,,,,,,,,,,,,,,
Lekunberri_2018_river_wastewater.DOWN3,,2016-04-18,,10.1016/j.envpol.2017.12.001,wastewater treatment plant [ENVO:00002043],waste water [ENVO:00002001],river water [ENVO:01000599],water,Spain,2024-08-07 17:22:45.284924,42.025312,Spain: Girona,city,2.831897,29220785,SAMN06052524,Lekunberri_2018_river_wastewater,1169740,,,,,,,,,,,,,,,,,,,,,,,,,,,,,,,,,,,,,,,,,,,,,,,,,,,,,,,,,,,,,,,,,,,,,,,,,,,,,,,,,,,,,,,,,,,,
Lekunberri_2018_river_wastewater.DOWN6,,2016-04-18,,10.1016/j.envpol.2017.12.001,wastewater treatment plant [ENVO:00002043],waste water [ENVO:00002001],river water [ENVO:01000599],water,Spain,2024-08-07 17:22:45.284924,42.025312,Spain: Girona,city,2.831897,29220785,SAMN06052527,Lekunberri_2018_river_wastewater,1169740,,,,,,,,,,,,,,,,,,,,,,,,,,,,,,,,,,,,,,,,,,,,,,,,,,,,,,,,,,,,,,,,,,,,,,,,,,,,,,,,,,,,,,,,,,,,
Lekunberri_2018_river_wastewater.UP1,,2016-04-18,,10.1016/j.envpol.2017.12.001,wastewater treatment plant [ENVO:00002043],waste water [ENVO:00002001],river water [ENVO:01000599],water,Spain,2024-08-07 17:22:45.284924,42.025312,Spain: Girona,city,2.831897,29220785,SAMN06052516,Lekunberri_2018_river_wastewater,1169740,,,,,,,,,,,,,,,,,,,,,,,,,,,,,,,,,,,,,,,,,,,,,,,,,,,,,,,,,,,,,,,,,,,,,,,,,,,,,,,,,,,,,,,,,,,,
Lekunberri_2018_river_wastewater.DOWN4,,2016-04-18,,10.1016/j.envpol.2017.12.001,wastewater treatment plant [ENVO:00002043],waste water [ENVO:00002001],river water [ENVO:01000599],water,Spain,2024-08-07 17:22:45.284924,42.025312,Spain: Girona,city,2.831897,29220785,SAMN06052525,Lekunberri_2018_river_wastewater,1169740,,,,,,,,,,,,,,,,,,,,,,,,,,,,,,,,,,,,,,,,,,,,,,,,,,,,,,,,,,,,,,,,,,,,,,,,,,,,,,,,,,,,,,,,,,,,
Lekunberri_2018_river_wastewater.DOWN2,,2016-04-18,,10.1016/j.envpol.2017.12.001,wastewater treatment plant [ENVO:00002043],waste water [ENVO:00002001],river water [ENVO:01000599],water,Spain,2024-08-07 17:22:45.284924,42.025312,Spain: Girona,city,2.831897,29220785,SAMN06052523,Lekunberri_2018_river_wastewater,1169740,,,,,,,,,,,,,,,,,,,,,,,,,,,,,,,,,,,,,,,,,,,,,,,,,,,,,,,,,,,,,,,,,,,,,,,,,,,,,,,,,,,,,,,,,,,,
Lekunberri_2018_river_wastewater.DOWN5,,2016-04-18,,10.1016/j.envpol.2017.12.001,wastewater treatment plant [ENVO:00002043],waste water [ENVO:00002001],river water [ENVO:01000599],water,Spain,2024-08-07 17:22:45.284924,42.025312,Spain: Girona,city,2.831897,29220785,SAMN06052526,Lekunberri_2018_river_wastewater,1169740,,,,,,,,,,,,,,,,,,,,,,,,,,,,,,,,,,,,,,,,,,,,,,,,,,,,,,,,,,,,,,,,,,,,,,,,,,,,,,,,,,,,,,,,,,,,
Lekunberri_2018_river_wastewater.UP6,,2016-04-18,,10.1016/j.envpol.2017.12.001,wastewater treatment plant [ENVO:00002043],waste water [ENVO:00002001],river water [ENVO:01000599],water,Spain,2024-08-07 17:22:45.284924,42.025312,Spain: Girona,city,2.831897,29220785,SAMN06052521,Lekunberri_2018_river_wastewater,1169740,,,,,,,,,,,,,,,,,,,,,,,,,,,,,,,,,,,,,,,,,,,,,,,,,,,,,,,,,,,,,,,,,,,,,,,,,,,,,,,,,,,,,,,,,,,,
Lekunberri_2018_river_wastewater.UP3,,2016-04-18,,10.1016/j.envpol.2017.12.001,wastewater treatment plant [ENVO:00002043],waste water [ENVO:00002001],river water [ENVO:01000599],water,Spain,2024-08-07 17:22:45.284924,42.025312,Spain: Girona,city,2.831897,29220785,SAMN06052518,Lekunberri_2018_river_wastewater,1169740,,,,,,,,,,,,,,,,,,,,,,,,,,,,,,,,,,,,,,,,,,,,,,,,,,,,,,,,,,,,,,,,,,,,,,,,,,,,,,,,,,,,,,,,,,,,
Lekunberri_2018_river_wastewater.UP4,,2016-04-18,,10.1016/j.envpol.2017.12.001,wastewater treatment plant [ENVO:00002043],waste water [ENVO:00002001],river water [ENVO:01000599],water,Spain,2024-08-07 17:22:45.284924,42.025312,Spain: Girona,city,2.831897,29220785,SAMN06052519,Lekunberri_2018_river_wastewater,1169740,,,,,,,,,,,,,,,,,,,,,,,,,,,,,,,,,,,,,,,,,,,,,,,,,,,,,,,,,,,,,,,,,,,,,,,,,,,,,,,,,,,,,,,,,,,,
Rowe_2017_hospital_wastewater.sample_AH1,,2013-05-02,,10.1093/jac/dkx017,anthropogenic terrestrial biome [ENVO:01000219],hospital [ENVO:00002173],waste water [ENVO:00002001],misc,United Kingdom,2024-08-07 17:58:18.790964,52.174343,,exact_location,0.139346,28175320,SAMEA3712774,Rowe_2017_hospital_wastewater,527639,,,,,,,,,,,,,,,,,,,,,,,,,,,,,,,,,,,,,,,,,,,,,,,,,,,,,,,,,,,,,,,,,,,,,,,,,,,,,,,,,,,,phd_metagenome_,,,,,,,,
Rowe_2017_hospital_wastewater.sample_WW3,,2013-01-01,2014-12-31,10.1093/jac/dkx017,anthropogenic terrestrial biome [ENVO:01000219],waste water [ENVO:00002001],waste water [ENVO:00002001],misc,United Kingdom,2024-08-07 17:58:18.790964,52.2,,exact_location,0.12,28175320,SAMEA3712798,Rowe_2017_hospital_wastewater,527639,,,,,,,,,,,,,,,,,,,,,,,,,,,,,,,,,,,,,,,,,,,,,,,,,,,,,,,,,,,,,,,,,,,,,,,,,,,,,,,,,,,,phd_metagenome_,,,,,,,,
Rowe_2017_hospital_wastewater.sample_AS1,,2013-05-02,,"10.1093/jac/dkx017, 10.2166/wst.2015.634",freshwater river biome [ENVO:01000253],river [ENVO:00000022],river water [ENVO:01000599],water,United Kingdom,2024-08-07 17:58:18.790964,52.0421,,exact_location,0.1497,"27054725, 28175320",SAMEA3712800,Rowe_2017_hospital_wastewater,449393,,,,,,,,,,,,,,,,,,,,,,,,,,,,,,,,,,,,,,,,,,,,,,,,,,,,,,,,,,,,,,,,,,,,,,,,,,,,,,,,,,,,phd_metagenome_,,,,,,,,
Rowe_2017_hospital_wastewater.sample_AS3,,2014-09-15,,10.1093/jac/dkx017,freshwater river biome [ENVO:01000253],river [ENVO:00000022],river water [ENVO:01000599],water,United Kingdom,2024-08-07 17:58:18.790964,52.0421,,exact_location,0.1497,28175320,SAMEA3712802,Rowe_2017_hospital_wastewater,449393,,,,,,,,,,,,,,,,,,,,,,,,,,,,,,,,,,,,,,,,,,,,,,,,,,,,,,,,,,,,,,,,,,,,,,,,,,,,,,,,,,,,phd_metagenome_,,,,,,,,
Rowe_2017_hospital_wastewater.sample_WW1,,2013-01-01,2014-12-31,10.1093/jac/dkx017,anthropogenic terrestrial biome [ENVO:01000219],waste water [ENVO:00002001],waste water [ENVO:00002001],misc,United Kingdom,2024-08-07 17:58:18.790964,52.2,,exact_location,0.12,28175320,SAMEA3712871,Rowe_2017_hospital_wastewater,527639,,,,,,,,,,,,,,,,,,,,,,,,,,,,,,,,,,,,,,,,,,,,,,,,,,,,,,,,,,,,,,,,,,,,,,,,,,,,,,,,,,,,phd_metagenome,,,,,,,,
Rowe_2017_hospital_wastewater.sample_DF3,,2014-09-15,,10.1093/jac/dkx017,anthropogenic terrestrial biome [ENVO:01000219],farm [ENVO:00000078],waste water [ENVO:00002001],misc,United Kingdom,2024-08-07 17:58:18.790964,52.22259,,exact_location,0.02603,28175320,SAMEA3712807,Rowe_2017_hospital_wastewater,527639,,,,,,,,,,,,,,,,,,,,,,,,,,,,,,,,,,,,,,,,,,,,,,,,,,,,,,,,,,,,,,,,,,,,,,,,,,,,,,,,,,,,phd_metagenome_,,,,,,,,
Rowe_2017_hospital_wastewater.sample_AH5,,2014-10-27,,10.1093/jac/dkx017,anthropogenic terrestrial biome [ENVO:01000219],hospital [ENVO:00002173],waste water [ENVO:00002001],misc,United Kingdom,2024-08-07 17:58:18.790964,52.174343,,exact_location,0.139346,28175320,SAMEA3712778,Rowe_2017_hospital_wastewater,527639,,,,,,,,,,,,,,,,,,,,,,,,,,,,,,,,,,,,,,,,,,,,,,,,,,,,,,,,,,,,,,,,,,,,,,,,,,,,,,,,,,,,phd_metagenome_,,,,,,,,
Rowe_2017_hospital_wastewater.sample_DF1,,2013-05-02,,"10.1093/jac/dkx017, 10.2166/wst.2015.634",anthropogenic terrestrial biome [ENVO:01000219],farm [ENVO:00000078],waste water [ENVO:00002001],misc,United Kingdom,2024-08-07 17:58:18.790964,52.22259,,exact_location,0.02603,"27054725, 28175320",SAMEA3712872,Rowe_2017_hospital_wastewater,527639,,,,,,,,,,,,,,,,,,,,,,,,,,,,,,,,,,,,,,,,,,,,,,,,,,,,,,,,,,,,,,,,,,,,,,,,,,,,,,,,,,,,phd_metagenome,,,,,,,,
Rowe_2017_hospital_wastewater.sample_DF4,,2014-09-29,,10.1093/jac/dkx017,anthropogenic terrestrial biome [ENVO:01000219],farm [ENVO:00000078],waste water [ENVO:00002001],misc,United Kingdom,2024-08-07 17:58:18.790964,52.22259,,exact_location,0.02603,28175320,SAMEA3712808,Rowe_2017_hospital_wastewater,527639,,,,,,,,,,,,,,,,,,,,,,,,,,,,,,,,,,,,,,,,,,,,,,,,,,,,,,,,,,,,,,,,,,,,,,,,,,,,,,,,,,,,phd_metagenome_,,,,,,,,
Rowe_2017_hospital_wastewater.sample_DF2,,2014-08-06,,"10.1093/jac/dkx017, 10.2166/wst.2015.634",anthropogenic terrestrial biome [ENVO:01000219],farm [ENVO:00000078],waste water [ENVO:00002001],misc,United Kingdom,2024-08-07 17:58:18.790964,52.22259,,exact_location,0.02603,"27054725, 28175320",SAMEA3712806,Rowe_2017_hospital_wastewater,527639,,,,,,,,,,,,,,,,,,,,,,,,,,,,,,,,,,,,,,,,,,,,,,,,,,,,,,,,,,,,,,,,,,,,,,,,,,,,,,,,,,,,phd_metagenome_,,,,,,,,
Rowe_2017_hospital_wastewater.sample_AH6,,2014-11-24,,10.1093/jac/dkx017,anthropogenic terrestrial biome [ENVO:01000219],hospital [ENVO:00002173],waste water [ENVO:00002001],misc,United Kingdom,2024-08-07 17:58:18.790964,52.174343,,exact_location,0.139346,28175320,SAMEA3712779,Rowe_2017_hospital_wastewater,527639,,,,,,,,,,,,,,,,,,,,,,,,,,,,,,,,,,,,,,,,,,,,,,,,,,,,,,,,,,,,,,,,,,,,,,,,,,,,,,,,,,,,phd_metagenome_,,,,,,,,
Rowe_2017_hospital_wastewater.sample_WW4,,2013-01-01,2014-12-31,10.1093/jac/dkx017,anthropogenic terrestrial biome [ENVO:01000219],waste water [ENVO:00002001],waste water [ENVO:00002001],misc,United Kingdom,2024-08-07 17:58:18.790964,52.2,,exact_location,0.12,28175320,SAMEA3712799,Rowe_2017_hospital_wastewater,527639,,,,,,,,,,,,,,,,,,,,,,,,,,,,,,,,,,,,,,,,,,,,,,,,,,,,,,,,,,,,,,,,,,,,,,,,,,,,,,,,,,,,phd_metagenome_,,,,,,,,
Schulz_2017_wastewater.Gp0123861,,2015-01-19,,10.1126/science.aal4657,industrial wastewater [ENVO:01000964],waste water [ENVO:00002001],activated sludge [ENVO:00002046],misc,Austria,2024-08-07 18:00:19.328146,48.3,"Austria:Klosterneuburg, Austria",exact_location,16.2,28386012,SAMN05720162,Schulz_2017_wastewater,942017,,,,,,,,,,,,,,,,,,,,,,,,,,,,,,,,,,,,,,,,,,,,,,,,,,,,,,,,,,,,,,,,,,,,,,,,,,,,,,,,,,,,,,,,,,,,
Schulz_2017_wastewater.Gp0123839,,2015-01-19,,10.1126/science.aal4657,industrial wastewater [ENVO:01000964],waste water [ENVO:00002001],activated sludge [ENVO:00002046],misc,Austria,2024-08-07 18:00:19.328146,48.3,"Austria:Klosterneuburg, Austria",exact_location,16.2,28386012,SAMN05720234,Schulz_2017_wastewater,942017,,,,,,,,,,,,,,,,,,,,,,,,,,,,,,,,,,,,,,,,,,,,,,,,,,,,,,,,,,,,,,,,,,,,,,,,,,,,,,,,,,,,,,,,,,,,
Schulz_2017_wastewater.Gp0124103,,2015-01-19,,10.1126/science.aal4657,industrial wastewater [ENVO:01000964],waste water [ENVO:00002001],activated sludge [ENVO:00002046],misc,Austria,2024-08-07 18:00:19.328146,48.3,Austria: Klosterneuburg,exact_location,16.2,28386012,SAMN06343710,Schulz_2017_wastewater,942017,,,,,,,,,,,,,,,,,,,,,,,,,,,,,,,,,,,,,,,,,,,,,,,,,,,,,,,,,,,,,,,,,,,,,,,,,,,,,,,,,,,,,,,,,,,,
Schulz_2017_wastewater.Gp0123794,,2015-01-05,,10.1126/science.aal4657,industrial wastewater [ENVO:01000964],waste water [ENVO:00002001],activated sludge [ENVO:00002046],misc,Austria,2024-08-07 18:00:19.328146,48.3,Austria: Klosterneuburg,exact_location,16.2,28386012,SAMN06343637,Schulz_2017_wastewater,942017,,,,,,,,,,,,,,,,,,,,,,,,,,,,,,,,,,,,,,,,,,,,,,,,,,,,,,,,,,,,,,,,,,,,,,,,,,,,,,,,,,,,,,,,,,,,
Schulz_2017_wastewater.Gp0124107,,2015-01-19,,10.1126/science.aal4657,industrial wastewater [ENVO:01000964],waste water [ENVO:00002001],activated sludge [ENVO:00002046],misc,Austria,2024-08-07 18:00:19.328146,48.3,Austria: Klosterneuburg,exact_location,16.2,28386012,SAMN06343711,Schulz_2017_wastewater,942017,,,,,,,,,,,,,,,,,,,,,,,,,,,,,,,,,,,,,,,,,,,,,,,,,,,,,,,,,,,,,,,,,,,,,,,,,,,,,,,,,,,,,,,,,,,,
Schulz_2017_wastewater.Gp0090775,cultivation,2014-01-01,2015-12-31,10.1126/science.aal4657,industrial wastewater [ENVO:01000964],waste water [ENVO:00002001],activated sludge [ENVO:00002046],misc,Austria,2024-08-07 18:00:19.328146,48.3,Austria: Klosterneuburg,exact_location,16.2,28386012,SAMN06161124,Schulz_2017_wastewater,942017,,,,,,,,,,,,,,,,,,,,,,,,,,,,,,,,,,,,,,,,,,,,,,,,,,,,,,,,,,,,,,,,,,,,,,,,,,,,,,,,,,,,,,,,,,,,
Schulz_2017_wastewater.Gp0123800,,2015-01-19,,10.1126/science.aal4657,industrial wastewater [ENVO:01000964],waste water [ENVO:00002001],activated sludge [ENVO:00002046],misc,Austria,2024-08-07 18:00:19.328146,48.3,Austria: Klosterneuburg,exact_location,16.2,28386012,SAMN06343641,Schulz_2017_wastewater,942017,,,,,,,,,,,,,,,,,,,,,,,,,,,,,,,,,,,,,,,,,,,,,,,,,,,,,,,,,,,,,,,,,,,,,,,,,,,,,,,,,,,,,,,,,,,,
Schulz_2017_wastewater.Gp0090774,cultivation,2014-01-01,2015-12-31,10.1126/science.aal4657,industrial wastewater [ENVO:01000964],waste water [ENVO:00002001],activated sludge [ENVO:00002046],misc,Austria,2024-08-07 18:00:19.328146,48.3,Austria: Klosterneuburg,exact_location,16.2,28386012,SAMN06161123,Schulz_2017_wastewater,942017,,,,,,,,,,,,,,,,,,,,,,,,,,,,,,,,,,,,,,,,,,,,,,,,,,,,,,,,,,,,,,,,,,,,,,,,,,,,,,,,,,,,,,,,,,,,
Schulz_2017_wastewater.Gp0124114,,2015-01-19,,10.1126/science.aal4657,industrial wastewater [ENVO:01000964],waste water [ENVO:00002001],activated sludge [ENVO:00002046],misc,Austria,2024-08-07 18:00:19.328146,48.3,Austria: Klosterneuburg,exact_location,16.2,28386012,SAMN06343714,Schulz_2017_wastewater,942017,,,,,,,,,,,,,,,,,,,,,,,,,,,,,,,,,,,,,,,,,,,,,,,,,,,,,,,,,,,,,,,,,,,,,,,,,,,,,,,,,,,,,,,,,,,,
Schulz_2017_wastewater.Gp0115558,,2015-01-05,,10.1126/science.aal4657,industrial wastewater [ENVO:01000964],waste water [ENVO:00002001],activated sludge [ENVO:00002046],misc,Austria,2024-08-07 18:00:19.328146,48.3,Austria: Klosterneuburg,exact_location,16.2,28386012,SAMN06343847,Schulz_2017_wastewater,942017,,,,,,,,,,,,,,,,,,,,,,,,,,,,,,,,,,,,,,,,,,,,,,,,,,,,,,,,,,,,,,,,,,,,,,,,,,,,,,,,,,,,,,,,,,,,
Schulz_2017_wastewater.Gp0090776,cultivation,2014-01-01,2015-12-31,10.1126/science.aal4657,industrial wastewater [ENVO:01000964],waste water [ENVO:00002001],activated sludge [ENVO:00002046],misc,Austria,2024-08-07 18:00:19.328146,48.3,Austria: Klosterneuburg,exact_location,16.2,28386012,SAMN06161125,Schulz_2017_wastewater,942017,,,,,,,,,,,,,,,,,,,,,,,,,,,,,,,,,,,,,,,,,,,,,,,,,,,,,,,,,,,,,,,,,,,,,,,,,,,,,,,,,,,,,,,,,,,,
Schulz_2017_wastewater.Gp0090764,cultivation,2014-01-01,2015-12-31,10.1126/science.aal4657,industrial wastewater [ENVO:01000964],waste water [ENVO:00002001],activated sludge [ENVO:00002046],misc,Austria,2024-08-07 18:00:19.328146,48.3,Austria: Klosterneuburg,exact_location,16.2,28386012,SAMN06161115,Schulz_2017_wastewater,942017,,,,,,,,,,,,,,,,,,,,,,,,,,,,,,,,,,,,,,,,,,,,,,,,,,,,,,,,,,,,,,,,,,,,,,,,,,,,,,,,,,,,,,,,,,,,
